prediction,target
0.9484003,0.946404
0.9475594,0.946404
0.9403145,0.963116
0.94845575,0.963116
0.9582551,0.963116
0.95871496,0.963116
0.8889916,0.884605
0.88567764,0.884605
0.8865693,0.884605
0.8903806,0.884605
0.9642692,0.950503
0.95207566,0.950503
0.9473379,0.950503
0.9424309,0.946742
0.9420275,0.946742
0.94245505,0.946742
0.83971936,0.837209
0.8336997,0.837209
0.84353447,0.837209
0.8395314,0.837209
0.8708973,0.869697
0.86989,0.869697
0.93562776,0.942436
0.92692846,0.942436
0.9692351,0.969986
0.9711626,0.969986
0.910703,0.91679
0.92140126,0.91679
0.92355424,0.91679
0.9098262,0.91679
0.47968277,0.482474
0.5000864,0.482474
0.48037136,0.482474
0.49511847,0.488215
0.61812323,0.610619
0.6189149,0.610619
0.61108863,0.610619
0.6061689,0.610619
0.60231894,0.610619
0.60673654,0.610619
0.60033494,0.621835
0.59540284,0.621835
0.556226,0.552577
0.5548036,0.552577
0.55172896,0.552577
0.64772594,0.64853
0.5804748,0.566599
0.745569,0.755952
0.334829,0.33908
0.35258314,0.33908
0.35408202,0.33908
0.34905186,0.33908
0.3475233,0.33908
0.34746543,0.33908
0.27262035,0.280443
0.27411813,0.280443
0.28025764,0.280443
0.27821577,0.280443
0.6041467,0.603372
0.6043684,0.583668
0.6051284,0.583668
0.62596184,0.583668
0.58612096,0.583668
0.5853481,0.583668
0.810394,0.794314
0.76371056,0.794314
0.7768392,0.794314
0.7815407,0.794314
0.6069138,0.600767
0.5977631,0.600767
0.66708803,0.659807
0.655231,0.659807
0.6687467,0.663221
0.6636687,0.663221
0.4920349,0.485788
0.4957731,0.485788
0.48409235,0.485788
0.48785087,0.485788
0.5574927,0.563636
0.5998548,0.570281
0.5976912,0.570281
0.5980375,0.570281
0.57137084,0.570281
0.025366014,0.0
0.01032643,0.0
0.5770607,0.579522
0.5789732,0.579522
0.49573863,0.494845
0.50001466,0.494845
0.49621186,0.494845
0.49375984,0.494845
0.47794065,0.494845
0.5098857,0.521886
0.52386385,0.521886
0.52227193,0.521886
0.5181542,0.521886
0.6526799,0.652655
0.6397414,0.652655
0.46899542,0.477848
0.46335927,0.477848
0.46979538,0.477848
0.49223018,0.477848
0.5348534,0.538144
0.5461048,0.538144
0.54160994,0.538144
0.5405311,0.538144
0.7278969,0.759048
0.72904986,0.759048
0.73934317,0.759048
0.74632525,0.759048
0.6831729,0.759048
0.35581335,0.37234
0.3468999,0.345977
0.34987,0.345977
0.35038236,0.345977
0.16160624,0.166052
0.16875859,0.166052
0.6322807,0.632653
0.63297725,0.632653
0.62342125,0.632653
0.75789905,0.754016
0.8006385,0.809539
0.79508686,0.809539
0.82748944,0.809539
0.8082504,0.809539
0.74173474,0.726763
0.7521414,0.726763
0.7658302,0.726763
0.75969535,0.726763
0.7156444,0.726763
0.73950917,0.726763
0.6169451,0.610836
0.61712515,0.610836
0.5992118,0.610836
-0.05097628,0.0
-0.058824215,0.0
-0.00047968622,0.0
0.009933992,0.0
0.00423231,0.0
0.5376822,0.53876
0.51952577,0.53876
0.6072238,0.6
0.60869616,0.6
0.6011507,0.6
0.5938057,0.6
0.5902797,0.6
0.7908811,0.807229
0.8174017,0.807229
-0.007860704,0.0
0.7242312,0.671585
0.6922969,0.671585
0.6774904,0.671585
0.5298944,0.550515
0.5533955,0.550515
0.5564011,0.550515
0.48781297,0.488215
0.48901048,0.488215
0.59462786,0.573009
0.5613247,0.573009
0.57495743,0.573009
0.65932304,0.628165
0.6267675,0.628165
0.62244505,0.628165
0.6235394,0.628165
0.5166726,0.505155
0.51973975,0.505155
0.51324034,0.505155
0.5002493,0.505155
0.6443229,0.641729
0.64891666,0.641729
0.6443982,0.641729
0.6448759,0.641729
0.5544862,0.550568
0.5578931,0.550568
0.5498403,0.550568
0.5530962,0.550568
0.56931317,0.550568
0.7262116,0.719298
0.72332877,0.719298
0.7216843,0.719298
0.34595713,0.352874
0.34788385,0.352874
0.20802693,0.206642
0.20442648,0.206642
0.49956617,0.496007
0.54117924,0.536145
0.5444321,0.536145
0.54276484,0.536145
0.75027615,0.747398
0.75174564,0.747398
0.7538743,0.747398
0.74392945,0.747398
0.74520904,0.747398
0.7515283,0.747398
0.7631604,0.747398
0.556278,0.551195
0.5510987,0.551195
0.5490147,0.551195
0.6085373,0.605887
0.6145639,0.605887
0.2835507,0.262728
0.26108143,0.262728
0.2815101,0.262728
0.6476949,0.64787
0.64714307,0.64787
0.6488744,0.64787
0.6490773,0.64787
0.55519325,0.55814
0.5532598,0.55814
0.5962008,0.59697
0.5984189,0.59697
0.59778416,0.59697
0.595373,0.59697
0.53452563,0.563922
0.54919916,0.563922
0.54749906,0.563922
0.5643854,0.563922
-0.006420119,0.0
-0.0001697172,0.0
-0.0009369482,0.0
0.55699956,0.555031
0.5593804,0.555031
0.55468845,0.555031
0.5551909,0.555031
0.58959514,0.591753
0.46109006,0.456229
0.45167407,0.456229
0.4588574,0.456229
0.45827985,0.456229
0.46345842,0.456229
0.5651932,0.561947
0.6907657,0.705696
0.68919045,0.705696
0.6923601,0.705696
0.68985504,0.705696
0.538716,0.540206
0.5393666,0.540206
0.6785559,0.676706
0.6771309,0.676706
0.65488356,0.651122
0.652723,0.651122
0.8014408,0.800125
0.80102825,0.800125
0.80197,0.800125
0.3547409,0.350575
0.35310254,0.350575
0.19090344,0.195572
0.19668834,0.195572
0.19850373,0.195572
0.5563706,0.537711
0.52336144,0.537711
0.52545226,0.537711
0.53657097,0.537711
0.5363132,0.537711
0.64830637,0.645917
0.8363163,0.830666
0.8288353,0.830666
0.82878906,0.830666
0.6617409,0.685158
0.68127465,0.685158
0.6844433,0.685158
0.67093945,0.67205
0.84290665,0.911376
0.74729687,0.74906
0.74543065,0.74906
0.7477949,0.74906
0.48184338,0.483204
0.48583737,0.483204
0.58887774,0.575758
0.5897911,0.575758
0.59240377,0.575758
0.59054655,0.575758
0.5927126,0.575758
0.5735448,0.575758
0.5644381,0.640562
0.6090384,0.640562
0.61394995,0.640562
0.63946515,0.640562
0.0025280348,0.0
0.0049341177,0.0
-0.006880447,0.0
0.00029752814,0.0
0.014431145,0.0
0.014840592,0.0
0.005791879,0.0
0.6467394,0.644143
0.64414036,0.644143
0.64560825,0.644143
0.6416325,0.644143
0.6411189,0.644143
0.544945,0.552577
0.5519614,0.552577
0.57744235,0.570707
0.69204444,0.696903
0.681469,0.696903
0.6618067,0.696903
0.6992631,0.696903
0.69790286,0.696903
0.6786625,0.696903
0.49540362,0.476266
0.4640322,0.476266
0.46128044,0.476266
0.6488757,0.65567
0.64420414,0.65567
0.6573129,0.65567
0.66011745,0.65567
0.6550794,0.65567
0.8653279,0.874423
0.8765561,0.874423
0.74980503,0.785777
0.7838264,0.785777
0.838267,0.844612
0.8238755,0.844612
0.8259277,0.844612
0.5061371,0.505747
0.49963295,0.505747
0.50103664,0.505747
0.5052608,0.505747
0.48934463,0.505747
0.775922,0.774908
0.4544842,0.774908
0.71997666,0.721384
0.8721468,0.873494
0.8726516,0.873494
0.87113017,0.873494
0.86715585,0.873494
0.61959,0.610378
0.6546738,0.610378
0.92456657,0.915314
0.7974395,0.789789
0.8007123,0.789789
0.012042039,0.0
0.71376616,0.718672
0.7180793,0.718672
0.73228997,0.718672
0.5679541,0.564599
0.5796543,0.564599
0.5726297,0.564599
0.5924108,0.564599
0.66723746,0.663636
0.6587394,0.663636
0.6711014,0.663636
0.6737874,0.663636
0.9106086,0.901941
0.9023845,0.901941
0.9030249,0.901941
0.91795105,0.901941
0.16427918,0.168204
0.17897971,0.168204
0.07167343,0.168204
0.62005913,0.614478
0.6034196,0.614478
0.73571825,0.754425
0.7324025,0.754425
0.7623408,0.754425
0.74937797,0.754425
0.6021456,0.591753
0.5944042,0.591753
0.59184575,0.591753
0.74705166,0.743745
0.73870116,0.743745
0.6411409,0.640047
0.84325904,0.845238
0.84974986,0.845238
0.8468359,0.845238
0.38555276,0.390805
0.39147457,0.390805
0.3820158,0.390805
0.39247954,0.390805
0.34620383,0.343173
0.32988936,0.343173
0.64967525,0.642413
0.6480645,0.642413
0.6462642,0.642413
0.63731843,0.642413
0.6326164,0.642413
0.6698012,0.672691
0.64162767,0.672691
0.6511671,0.672691
0.865313,0.862824
0.8638225,0.862824
0.8612747,0.862824
0.8646113,0.862824
0.6833398,0.724402
0.70727855,0.724402
0.71072656,0.724402
0.71279067,0.724402
0.7338068,0.726491
0.7273795,0.726491
0.7255519,0.726491
0.6433968,0.649277
0.6703167,0.649277
0.771787,0.77005
0.76702994,0.77005
0.7568164,0.77005
0.76503795,0.77005
0.7527857,0.77005
0.56316227,0.564599
0.561557,0.564599
0.56246126,0.564599
0.5633028,0.564599
0.5632201,0.564599
0.5595679,0.564599
0.70655745,0.70303
0.7043256,0.70303
0.6861265,0.70303
0.29579356,0.184404
0.21325786,0.184404
0.18541306,0.184404
0.69549966,0.718149
0.6768095,0.681027
0.6813367,0.681027
0.68032193,0.681027
0.9432818,0.958763
0.95357496,0.958763
0.6907968,0.705387
0.71164656,0.705387
0.701902,0.705387
0.71248144,0.705387
0.70939714,0.705387
0.7144058,0.705387
0.8723995,0.865044
0.8660553,0.865044
0.86198187,0.871835
0.8816455,0.871835
0.8784844,0.871835
0.9695136,0.954639
0.958764,0.954639
1.0198938,0.954639
0.86422783,0.863007
0.8640416,0.863007
0.8631594,0.863007
0.9696078,0.970854
0.95976275,0.970854
0.9636101,0.970854
0.9356939,0.970854
0.92149,0.924499
0.9241448,0.924499
0.93214756,0.924499
0.83275443,0.827586
0.8277483,0.827586
0.8902559,0.889299
0.8866257,0.889299
0.89578515,0.889299
0.86041826,0.863354
0.8590185,0.863354
0.86558557,0.863354
0.97072655,0.973746
0.9779887,0.973746
0.96292096,0.973746
0.8438883,0.849218
0.8457723,0.849218
0.8132865,0.808023
0.8089531,0.808023
0.810867,0.808023
0.80608696,0.808023
0.96220374,0.954588
0.9199908,0.921366
0.917028,0.921366
0.8379104,0.843669
0.8392264,0.843669
0.84703404,0.843669
0.82003945,0.843669
0.83994085,0.843669
0.8498969,0.848485
0.84277695,0.848485
0.8426468,0.83166
0.8293169,0.83166
1.0325782,0.991246
0.9913232,0.991246
0.98923117,0.991246
0.891618,0.891413
0.4722323,0.468041
0.496686,0.494949
0.62914795,0.619469
0.62593836,0.619469
0.6174036,0.619469
0.6254434,0.619469
0.5067019,0.525316
0.5250215,0.525316
0.5233121,0.525316
0.515158,0.525316
0.53819317,0.54433
0.5354594,0.54433
0.5343472,0.54433
0.5476185,0.54433
0.54256123,0.54433
0.7720987,0.772164
0.7689331,0.772164
0.77727956,0.772164
0.77799135,0.772164
0.7203941,0.735791
0.72933275,0.735791
0.72142845,0.735791
0.8277423,0.825501
0.83064294,0.825501
0.37865293,0.357471
0.28682062,0.287823
0.28320017,0.287823
0.58355546,0.578527
0.58282095,0.578527
0.58331,0.578527
0.69487923,0.700134
0.699677,0.700134
0.6990784,0.700134
0.69819015,0.700134
0.8864309,0.883797
0.8946869,0.883797
0.88822246,0.883797
0.72676426,0.727058
0.7318217,0.729096
0.73122483,0.729096
0.7337441,0.729096
0.7348359,0.729096
0.94110554,0.948617
0.9261696,0.948617
0.9386396,0.948617
1.0012413,0.948617
0.94808483,0.948617
0.95139045,0.948617
0.80821306,0.809524
0.80199677,0.809524
0.47187182,0.468992
0.47756043,0.468992
0.5943941,0.59697
0.5991109,0.59697
0.5989998,0.59697
0.6018105,0.59697
0.604528,0.59697
0.75994706,0.753347
0.94122666,0.937627
0.7089608,0.725583
0.72806424,0.725583
0.70730907,0.725583
0.49039486,0.478351
0.48592508,0.478351
0.48032406,0.478351
0.54226327,0.545455
0.5405128,0.545455
0.6620274,0.681416
0.45326972,0.462025
0.46506608,0.462025
0.45406827,0.462025
0.47476697,0.462025
0.451871,0.462025
0.46555838,0.462025
0.55896974,0.558763
0.5660774,0.558763
0.6954923,0.68375
0.6885483,0.68375
0.69359064,0.68375
0.68662316,0.68375
0.078005284,0.075197
0.073702574,0.075197
0.09097224,0.075197
0.08164263,0.075197
0.08311038,0.075197
0.5029797,0.49906
0.5501755,0.49906
0.5322398,0.49906
0.3983892,0.402299
0.41279742,0.402299
0.39342532,0.402299
0.39157438,0.402299
0.25936657,0.261993
0.26086164,0.261993
0.65765846,0.645963
0.64528567,0.645963
0.6424476,0.645963
0.90812445,0.924364
0.92592496,0.924364
0.9287998,0.924364
0.8887291,0.924364
0.36144388,0.336803
0.33758143,0.336803
0.8440643,0.882266
0.85955364,0.882266
0.8790838,0.882266
0.8770795,0.882266
0.7415084,0.708778
0.6949063,0.708778
0.7042833,0.708778
-0.0009542547,0.0
0.000120829114,0.0
0.001417559,0.0
-0.00082039455,0.0
0.019385189,0.0
-0.0011720482,0.0
0.0030383405,0.0
0.0015588789,0.0
0.0015983932,0.0
0.0014638618,0.0
0.0004353698,0.0
-0.0010052412,0.0
-0.001534595,0.0
-0.0003718751,0.0
-0.0016628265,0.0
-0.0036262255,0.0
0.00078621414,0.0
0.0007752196,0.0
0.0012229931,0.0
-0.00097493065,0.0
0.001161893,0.0
0.0014071543,0.0
0.0014803695,0.0
0.00055907265,0.0
-0.00035288182,0.0
-7.1228154e-05,0.0
0.00027226115,0.0
0.0016005536,0.0
-0.0050151856,0.0
0.0017108278,0.0
-0.001685637,0.0
0.0029289627,0.0
-0.0009368374,0.0
0.00012736232,0.0
-0.0019164198,0.0
0.0016304763,0.0
0.0006781181,0.0
-0.001425614,0.0
-0.000296275,0.0
-0.00046564065,0.0
0.00024338365,0.0
0.0018562707,0.0
0.00324271,0.0
0.00014494157,0.0
-0.0011802276,0.0
0.0016458208,0.0
0.0025764718,0.0
0.0031557723,0.0
0.0060031186,0.0
-0.0010779573,0.0
0.00033795807,0.0
-0.00049615465,0.0
0.002109321,0.0
0.005786873,0.0
0.007980284,0.0
-0.0023621237,0.0
-1.026476e-06,0.0
0.002270547,0.0
-0.00029804098,0.0
-0.0031855975,0.0
0.00018731743,0.0
0.00013928709,0.0
0.0027452987,0.0
-0.000519748,0.0
0.0031113175,0.0
0.0031669035,0.0
0.00283362,0.0
0.00061422953,0.0
0.0010207997,0.0
0.0012949955,0.0
0.0011903885,0.0
-0.0009647019,0.0
-0.0010835885,0.0
-0.0013320986,0.0
-0.002604884,0.0
-0.00067687273,0.0
0.005839137,0.0
-0.00037758538,0.0
-0.0016084654,0.0
0.00017737302,0.0
-0.00087350403,0.0
-0.0013203011,0.0
-0.002930049,0.0
-0.002706473,0.0
-0.0028657606,0.0
-0.0014625496,0.0
-0.00078929757,0.0
-0.0012271452,0.0
-0.0016651666,0.0
0.0014040846,0.0
0.0010310916,0.0
-0.002135547,0.0
0.0010705834,0.0
-0.00016165875,0.0
-0.00019836886,0.0
0.00044567548,0.0
-0.00025257905,0.0
-0.00010081029,0.0
-0.00056199986,0.0
0.0021269948,0.0
0.0021086598,0.0
0.0015592513,0.0
-0.0022021704,0.0
-0.015010665,0.0
-0.0008968638,0.0
-0.0019663093,0.0
-0.00062591425,0.0
-0.0002755334,0.0
0.0014339319,0.0
0.0008961325,0.0
0.0010930805,0.0
0.00065727014,0.0
-5.0624174e-05,0.0
0.0017793182,0.0
0.0019165137,0.0
0.0017963628,0.0
-0.00085974246,0.0
-0.00355523,0.0
-0.0010370834,0.0
0.0013066327,0.0
0.0019905278,0.0
0.004995217,0.0
-0.0012494419,0.0
-0.006142027,0.0
-0.0028318546,0.0
-0.00524175,0.0
-0.006219937,0.0
-0.00048130506,0.0
-0.001893435,0.0
-0.0010579993,0.0
0.004168822,0.0
-0.00092764845,0.0
-0.0020754102,0.0
-0.0019598315,0.0
-0.00052654085,0.0
-0.00089489715,0.0
-0.001289157,0.0
-0.0014960171,0.0
-0.0045238147,0.0
-0.0021184522,0.0
-0.0002493217,0.0
0.0010016946,0.0
-0.00085850136,0.0
0.0008597972,0.0
-0.00071364595,0.0
0.001911864,0.0
0.000690534,0.0
-0.0011671649,0.0
-0.0007372468,0.0
-0.0002974221,0.0
-0.0015300834,0.0
-5.3991516e-05,0.0
-0.0010217658,0.0
0.0025915182,0.0
0.004121411,0.0
-0.00051591237,0.0
-0.0005080632,0.0
0.0019118892,0.0
0.0011124802,0.0
0.0003496244,0.0
0.0008677065,0.0
0.0027422553,0.0
0.020728335,0.0
0.0018579899,0.0
0.007198634,0.0
0.010456544,0.0
-0.0024798403,0.0
-0.0006459437,0.0
-0.001762252,0.0
-0.0011743132,0.0
0.00064080226,0.0
-0.0010657845,0.0
0.006680848,0.0
-0.00071324105,0.0
0.00025149152,0.0
-0.0011327709,0.0
-0.0015019026,0.0
0.0024519367,0.0
-0.00012975615,0.0
0.000979178,0.0
0.00089901435,0.0
0.0005691555,0.0
0.0005826786,0.0
0.0010458016,0.0
0.00037548784,0.0
0.0074057057,0.0
0.0021471728,0.0
0.0014893041,0.0
-0.00058438064,0.0
0.00014727717,0.0
0.00012869612,0.0
-0.00072133465,0.0
0.00030623868,0.0
-0.0005135105,0.0
0.0007094059,0.0
0.0035827728,0.0
-0.00020327228,0.0
0.0012758925,0.0
0.0011628724,0.0
0.00031120595,0.0
-0.0009788488,0.0
-0.00072736543,0.0
0.002166915,0.0
-0.0010366457,0.0
7.882046e-06,0.0
0.009411845,0.0
-0.0015576506,0.0
-0.0020532352,0.0
-0.0022433451,0.0
-0.0029205296,0.0
-0.007936063,0.0
-0.002696798,0.0
0.001097557,0.0
0.0008393557,0.0
0.00012398956,0.0
0.00055802293,0.0
4.0619558e-05,0.0
0.007014759,0.0
0.00019674822,0.0
-0.0014588601,0.0
-0.00040689448,0.0
-0.0028929587,0.0
-0.00090804853,0.0
-0.001629921,0.0
-0.00052376295,0.0
0.0016602455,0.0
0.02034583,0.0
0.023557285,0.0
0.016118804,0.0
0.007136719,0.0
0.00527261,0.0
0.0029049276,0.0
-0.0013609915,0.0
0.0011275216,0.0
-0.0012819988,0.0
0.0064160624,0.0
0.0041130893,0.0
0.0008633368,0.0
0.0009670569,0.0
0.0016057802,0.0
-0.0012568063,0.0
-0.001531837,0.0
-0.0016084149,0.0
-0.00081364,0.0
0.00052288134,0.0
-0.0022940373,0.0
-0.0022704946,0.0
0.0010302939,0.0
-0.0012937232,0.0
-0.0004160476,0.0
-0.0017530698,0.0
4.5800247e-05,0.0
-0.0016586636,0.0
1.2653218e-05,0.0
0.0017818225,0.0
0.0004911974,0.0
-0.0015378665,0.0
0.0019798735,0.0
0.00019848808,0.0
-0.00011191188,0.0
0.000702375,0.0
0.00049350125,0.0
-0.0009532838,0.0
0.002367264,0.0
-0.002289242,0.0
-0.0018150602,0.0
0.0006868807,0.0
-0.0050049466,0.0
0.0038994167,0.0
0.004911074,0.0
0.0011009882,0.0
0.0008746979,0.0
0.0005091041,0.0
-0.00062124425,0.0
0.0045441417,0.0
0.0012748366,0.0
-0.00048697638,0.0
0.00087909406,0.0
0.0016312032,0.0
-0.0029462196,0.0
-0.00055568386,0.0
0.0011821128,0.0
0.0010871356,0.0
0.0003960369,0.0
-0.00067896565,0.0
0.0002824488,0.0
-0.001650664,0.0
-0.0034484158,0.0
0.0013547363,0.0
-0.0006006092,0.0
-0.0007607981,0.0
-0.0009987855,0.0
-8.215845e-05,0.0
0.0015249811,0.0
0.00063036504,0.0
-0.00076646934,0.0
-0.001488821,0.0
0.00050008536,0.0
0.0017754916,0.0
0.0011177829,0.0
-0.0024733166,0.0
-0.0021797656,0.0
-0.0007881163,0.0
0.0003815815,0.0
-0.0026699428,0.0
0.00019455275,0.0
-0.0033428613,0.0
-0.0015297545,0.0
0.000855956,0.0
0.0050606816,0.0
-0.00031557702,0.0
-0.0014818817,0.0
-0.003424079,0.0
-0.0014550235,0.0
-0.001343561,0.0
0.0015594419,0.0
0.0007640156,0.0
0.0013635872,0.0
0.00033067926,0.0
-0.0029724992,0.0
-0.0011857507,0.0
0.0022801606,0.0
0.0008056786,0.0
-0.000461438,0.0
0.006151552,0.0
-0.0024111262,0.0
-0.025165623,0.0
0.0011945298,0.0
0.004751981,0.0
-0.00023128469,0.0
-0.0039531616,0.0
-0.0033956207,0.0
0.0019222748,0.0
0.00050580833,0.0
-0.0015776822,0.0
-0.0002444797,0.0
0.00041903058,0.0
0.0016042296,0.0
-0.00012285355,0.0
-0.0017502842,0.0
-0.0035825328,0.0
-0.003668762,0.0
0.0055759083,0.0
0.005077649,0.0
-0.001999476,0.0
0.00016214466,0.0
-0.001135254,0.0
0.0007441726,0.0
0.00822412,0.0
-5.4429125e-05,0.0
-0.00064175436,0.0
-0.0023909786,0.0
-0.00039132554,0.0
-0.0044353916,0.0
0.00075384346,0.0
-0.00090110255,0.0
-0.0007721212,0.0
0.0015299506,0.0
-0.002107308,0.0
-0.00012398824,0.0
-0.00080205523,0.0
-0.0015808981,0.0
0.00035958362,0.0
-0.0022217592,0.0
-0.0020284108,0.0
-0.0040863873,0.0
0.00076798064,0.0
0.00076370704,0.0
0.0023611307,0.0
0.00083265733,0.0
0.00046159225,0.0
-0.0011175707,0.0
3.4320728e-06,0.0
-0.00043398805,0.0
0.00025231467,0.0
0.0005075841,0.0
0.0010782436,0.0
0.0009597049,0.0
-0.0013567881,0.0
-0.0017025196,0.0
0.00037651169,0.0
-0.00040813713,0.0
0.0012985541,0.0
0.0026875262,0.0
-8.520505e-05,0.0
-0.0037836386,0.0
-0.0010986862,0.0
-0.000872615,0.0
0.0015809747,0.0
0.00084622815,0.0
0.001369584,0.0
-0.0016611785,0.0
8.126283e-05,0.0
-0.0011100319,0.0
-0.00017178834,0.0
0.0012703151,0.0
-3.869861e-05,0.0
8.773755e-05,0.0
-0.00028117618,0.0
0.0009920162,0.0
-0.0016551855,0.0
-0.00186271,0.0
0.0017476216,0.0
-0.00020394432,0.0
-0.00014345947,0.0
0.010097466,0.0
-0.0033096385,0.0
0.0022038678,0.0
0.0068600453,0.0
-0.00015357969,0.0
-0.00011647178,0.0
0.0025896444,0.0
0.00332187,0.0
-0.0022664352,0.0
0.0014066474,0.0
0.00014047326,0.0
-0.00046471236,0.0
0.0006116763,0.0
0.0014709659,0.0
8.6538486e-05,0.0
0.0010765755,0.0
-0.00046473174,0.0
-0.00085344556,0.0
0.0017227409,0.0
0.0012515275,0.0
0.001176906,0.0
0.00065334624,0.0
-0.00042980467,0.0
-0.0016267515,0.0
-0.0009859074,0.0
0.00050557405,0.0
0.0005169905,0.0
0.0014072106,0.0
0.0010307372,0.0
-0.0020634122,0.0
0.0020642027,0.0
0.0006523289,0.0
0.0010674023,0.0
-0.0015845014,0.0
-0.00071786996,0.0
-0.0005148369,0.0
-0.0020282348,0.0
-0.0009489046,0.0
-0.0006452043,0.0
-0.0029695993,0.0
-0.003322268,0.0
-0.0028495367,0.0
-0.00032526816,0.0
-0.0010145027,0.0
9.725126e-05,0.0
9.277289e-06,0.0
-0.0016424678,0.0
0.00067518506,0.0
-3.9601407e-05,0.0
-0.0001682253,0.0
0.00032357874,0.0
0.00019435732,0.0
0.0011244188,0.0
-0.00074251014,0.0
0.0011576201,0.0
-0.00052108086,0.0
-0.0018200615,0.0
-0.000774382,0.0
0.0023025372,0.0
-0.00094236765,0.0
-0.0004890909,0.0
0.0007161039,0.0
-0.0014119936,0.0
-0.0012842171,0.0
0.0010525202,0.0
-0.0003908799,0.0
0.0005492538,0.0
-0.0010695264,0.0
-0.00089721504,0.0
0.0016074596,0.0
0.00084642024,0.0
-0.0012058803,0.0
-0.00022700963,0.0
0.0011442355,0.0
0.0007225916,0.0
-0.0012909385,0.0
-0.0019896363,0.0
-0.0014521725,0.0
-8.649329e-05,0.0
0.0016199664,0.0
-0.002619804,0.0
0.0004952482,0.0
-0.004322796,0.0
0.0035167336,0.0
-0.0002521187,0.0
0.010914542,0.0
-0.0018867921,0.0
0.0013304562,0.0
0.0013735504,0.0
-0.001281817,0.0
-0.00050348823,0.0
-0.00080139696,0.0
-0.001525924,0.0
-0.0007465929,0.0
-0.0011013814,0.0
-0.00063333253,0.0
0.0012890565,0.0
0.0027505467,0.0
0.0024513127,0.0
0.0026083926,0.0
0.0030854505,0.0
0.0035555277,0.0
0.0053210813,0.0
0.002644331,0.0
-0.0012685749,0.0
-3.4632252e-05,0.0
-0.0021551845,0.0
0.002874212,0.0
-0.0046424987,0.0
0.001628863,0.0
0.0010042773,0.0
0.00024462683,0.0
-0.0036919948,0.0
0.0011520971,0.0
0.0006333136,0.0
0.00033951362,0.0
0.0010232677,0.0
-9.900509e-05,0.0
-0.0014729385,0.0
-0.0011254059,0.0
-0.0011890455,0.0
-0.0012672109,0.0
-0.0011216924,0.0
-0.0019227924,0.0
0.004235569,0.0
-0.0010371245,0.0
-0.00018183788,0.0
-0.00031143051,0.0
-0.0011296205,0.0
-0.0019022031,0.0
-8.55946e-05,0.0
-0.0010886132,0.0
-0.0007546896,0.0
0.3621002,0.368966
0.3535839,0.368966
0.36942133,0.368966
-0.0019313997,0.0
-0.0084915515,0.0
0.6477416,0.648625
0.6445981,0.648625
0.81610966,0.837015
0.83079076,0.837015
0.82324225,0.837015
0.819462,0.837015
0.81443954,0.837015
0.8668658,0.873119
0.8585673,0.873119
0.76210874,0.767648
0.7831779,0.767648
0.9646532,0.947989
0.8601305,0.947989
0.8241512,0.947989
0.18633007,0.947989
0.8115194,0.809837
0.80618316,0.809837
0.36938486,0.365633
0.47970828,0.481818
0.47709405,0.481818
0.48160878,0.481818
0.48022485,0.481818
0.858877,0.844712
0.84201556,0.844712
0.837621,0.844712
0.4173368,0.240269
0.8163535,0.804957
0.61080533,0.608247
0.6125949,0.608247
0.6098467,0.608247
0.60284394,0.608247
0.60391897,0.612795
0.61807656,0.612795
0.7931784,0.798673
0.7940553,0.798673
0.652199,0.648734
0.66236305,0.648734
0.60593814,0.610309
0.7669742,0.770221
0.82391053,0.809239
0.80408174,0.809239
0.8538971,0.847431
0.8550375,0.847431
0.8487544,0.847431
0.84478945,0.847431
0.51993424,0.54023
0.5304204,0.54023
0.5100224,0.54023
0.2769731,0.273063
0.27859393,0.273063
0.6716342,0.661047
0.66231495,0.661047
0.7502139,0.73996
0.73874825,0.73996
0.89888096,0.897934
0.7810447,0.775745
0.77327657,0.775745
0.7543285,0.753061
0.75159913,0.753061
0.75264126,0.753061
0.95697504,0.963231
0.96500105,0.963231
0.9633958,0.963231
0.9643803,0.963231
0.61488,0.612403
0.6193575,0.612403
0.7247617,0.724242
0.7224218,0.724242
0.75897175,0.758367
0.7546603,0.758367
0.75812036,0.758367
0.743872,0.758367
0.9238701,0.962639
0.95038635,0.962639
0.9623515,0.962639
0.95196027,0.962639
0.7441855,0.745353
0.74979305,0.745353
0.51956636,0.525773
0.527285,0.525773
0.5309893,0.525773
0.53376585,0.525773
0.57733315,0.584175
0.5741468,0.584175
0.5626041,0.560825
0.56950843,0.560825
0.58038765,0.560825
0.5772039,0.560825
0.57385135,0.560825
0.7510974,0.754433
0.7556813,0.754433
0.7594871,0.754433
0.758815,0.754433
0.761225,0.754433
0.7596619,0.754433
0.7045762,0.700816
0.7050001,0.700816
0.7023515,0.700816
0.727904,0.700816
0.83530873,0.830514
0.83852243,0.830514
0.83993024,0.830514
0.8250254,0.830514
0.8214207,0.830514
0.39679053,0.403448
0.41481885,0.403448
0.410135,0.403448
0.41071883,0.403448
0.31628048,0.317343
0.32535908,0.317343
0.31497693,0.317343
0.6665976,0.669033
0.65579015,0.669033
0.6600776,0.669033
0.69377494,0.698795
0.6938537,0.698795
0.69876176,0.698795
0.6994358,0.698795
0.89836097,0.895604
0.72532487,0.724107
0.7273455,0.724107
0.7267749,0.724107
0.72598886,0.724107
0.71626717,0.714509
0.8905007,0.914833
0.9222304,0.914833
0.8931027,0.914833
0.78271776,0.782268
0.7836125,0.782268
0.78198594,0.782268
0.782079,0.782268
0.57111347,0.573643
0.57522595,0.573643
0.57096237,0.573643
0.66262627,0.657576
0.655535,0.657576
0.6813386,0.686747
0.6884391,0.686747
0.5981074,0.554635
0.59649855,0.554635
0.680731,0.683683
0.68494695,0.683683
0.6909539,0.683683
0.5157638,0.509278
0.5190328,0.509278
0.51447314,0.509278
0.5097415,0.509278
0.58018845,0.584175
0.5842319,0.584175
0.58464414,0.584175
0.5849923,0.584175
0.68137103,0.685841
0.67737764,0.685841
0.6820895,0.685841
0.6801192,0.685841
0.6840593,0.685841
0.5497747,0.55538
0.57318187,0.573196
0.56890017,0.573196
0.5623082,0.573196
0.5645498,0.573196
0.74313813,0.743017
0.7446076,0.743017
0.6538348,0.653308
0.8092751,0.808897
0.35485032,0.357471
0.22004624,0.225092
0.21999042,0.225092
0.21919046,0.225092
0.69340557,0.699201
0.69879603,0.699201
0.6953048,0.699201
0.6948499,0.699201
0.6992176,0.699201
0.6438566,0.638554
0.8429143,0.850396
0.8478665,0.850396
0.679311,0.679865
0.68222755,0.679865
0.85254115,0.841923
0.86230564,0.841923
0.74820876,0.74812
0.54348767,0.533592
0.5438306,0.533592
0.5376765,0.533592
0.5323118,0.533592
0.6586717,0.650268
0.6398611,0.650268
0.634971,0.650268
0.64195997,0.650268
0.51827455,0.467094
0.46968055,0.467094
0.4960318,0.467094
0.6385165,0.640012
0.6357602,0.640012
0.64080155,0.640012
0.64547026,0.640012
0.647246,0.640012
0.64883614,0.640012
0.9947174,0.995876
0.9965522,0.995876
0.99261934,0.995876
0.80955607,0.807522
0.8119089,0.807522
0.8256748,0.807522
0.82559246,0.807522
0.8390034,0.807522
0.9415788,0.950949
0.96865493,0.979381
0.9791878,0.979381
0.98016673,0.979381
0.980032,0.971338
0.9819432,0.971338
0.97338873,0.971338
0.9710224,0.971338
0.89890385,0.901195
0.97275835,0.969925
0.9708559,0.969925
0.96914226,0.969925
0.98650783,0.969925
0.9239736,0.925287
0.9288176,0.925287
0.91721123,0.925287
0.930677,0.940959
0.9248994,0.940959
0.91387326,0.940959
0.9174671,0.940959
0.9316111,0.940959
0.93135804,0.921029
0.9858839,0.991299
0.99102503,0.991299
1.0021306,0.991299
0.99365216,0.991299
0.9881292,0.994718
0.9904478,0.994718
0.9942381,0.994718
0.9980976,0.992328
0.99403614,0.992328
0.9921949,0.992328
1.0047454,0.992328
0.912142,0.914301
0.91205853,0.914301
0.9175939,0.914301
0.91690093,0.914301
0.92591065,0.956474
0.9515051,0.956474
0.95039386,0.956474
0.9534367,0.965226
0.95967513,0.965226
0.9498618,0.965226
0.9470851,0.965226
0.9661204,0.965226
0.94193536,0.917313
0.9167511,0.917313
0.91790193,0.917313
0.9165814,0.917313
0.80388665,0.821212
0.81857353,0.821212
0.99595624,0.98929
0.9917614,0.98929
0.9956772,0.98929
0.98565704,0.98929
0.8987913,0.902923
0.90316314,0.902923
0.97972155,0.981706
0.70674306,0.71134
0.7106755,0.71134
0.63839304,0.71134
0.57714677,0.572391
0.5721266,0.572391
0.577463,0.572391
0.7758917,0.780973
0.78542453,0.780973
0.76133424,0.780973
0.5816747,0.621835
0.6228918,0.621835
0.58831453,0.581443
0.76923877,0.771678
0.76712114,0.771678
0.76939505,0.771678
0.70225734,0.701399
0.71394515,0.701399
0.41407576,0.42069
0.4328589,0.42069
0.29077846,0.287823
0.30949125,0.287823
0.29015,0.287823
0.2980034,0.287823
0.6865824,0.686779
0.7365649,0.70917
0.6975665,0.70917
0.7018531,0.70917
0.70711726,0.70917
0.8741676,0.874942
0.87029105,0.874942
0.8759072,0.874942
0.7444642,0.751549
0.75198984,0.751549
0.7541015,0.751549
0.74852186,0.743162
0.74521893,0.743162
0.85130435,0.931961
0.8507133,0.931961
0.8517313,0.931961
0.87482065,0.931961
0.8818845,0.931961
0.9230775,0.931961
0.81590205,0.820802
0.823489,0.820802
0.58368534,0.586563
0.5935475,0.586563
0.6975133,0.709091
0.7101822,0.709091
0.7062452,0.709091
0.70989686,0.718876
0.7113809,0.718876
0.6632251,0.753635
0.6947982,0.753635
0.7524912,0.753635
0.74659413,0.745058
0.74013263,0.745058
0.5373855,0.540206
0.53738844,0.540206
0.5406489,0.540206
0.5431531,0.540206
0.49637404,0.486532
0.4995693,0.486532
0.49097517,0.486532
0.6322531,0.626106
0.6283436,0.626106
0.622559,0.626106
0.49927723,0.492089
0.58674794,0.589691
0.58837694,0.589691
0.6826845,0.688365
0.6820666,0.688365
0.69004804,0.688365
0.63731223,0.64267
0.62852764,0.64267
0.64079773,0.64267
0.6510887,0.64267
0.7831556,0.776942
0.783777,0.776942
0.7713812,0.776942
0.34732696,0.355172
0.34561905,0.355172
0.34823143,0.355172
0.35127416,0.355172
0.57514983,0.575646
0.5949343,0.602484
0.5985086,0.602484
0.5943903,0.602484
0.02838161,0.0
0.017725436,0.0
0.016786965,0.0
0.009318531,0.0
0.010541814,0.0
0.01435756,0.0
0.7875786,0.795091
0.004384081,0.0
-0.0021716566,0.0
0.6725147,0.672831
0.6704361,0.672831
0.75949407,0.702231
0.6415101,0.702231
0.6737357,0.702231
0.729976,0.730263
0.5247263,0.52584
0.6109997,0.609091
0.6085247,0.609091
0.6177607,0.609091
0.6138239,0.609091
0.640141,0.605756
0.6128765,0.605756
0.6092587,0.605756
0.004488718,0.0
0.029803658,0.0
0.6009753,0.602833
0.6120933,0.602833
0.6255294,0.602833
0.6251996,0.602833
0.60201025,0.602833
0.46273753,0.472165
0.45979595,0.472165
0.0009733551,0.0
0.0010859383,0.0
-0.0007827959,0.0
0.034628894,0.023734
0.033628028,0.023734
0.011263262,0.023734
0.009179982,0.0
0.009833741,0.0
0.0024577396,0.0
0.79403144,0.803012
0.8226888,0.803012
0.8148486,0.803012
0.6377333,0.635675
0.37249675,0.393103
0.37632075,0.393103
0.40919676,0.393103
0.36529657,0.393103
-0.0027301137,0.0
0.51308066,0.511091
0.519198,0.511091
0.43228003,0.511091
0.43770012,0.511091
0.9281927,0.945448
0.9569466,0.945448
0.8808988,0.932577
0.8729179,0.932577
0.8820517,0.932577
0.96418685,0.963116
0.9620142,0.963116
0.95261544,0.963116
0.905291,0.963116
0.8548165,0.963116
0.71705705,0.714509
0.72766083,0.714509
0.34731308,0.212445
0.1567515,0.212445
0.48956254,0.494674
0.56056845,0.494674
0.5560037,0.559432
0.5644511,0.559432
0.5560866,0.559432
0.74005014,0.748485
0.82773286,0.748485
0.75611466,0.748485
0.9516473,0.953815
0.9466277,0.953815
0.90226275,0.953815
-0.006025156,0.0
-0.012941755,0.0
0.013127991,0.0
0.02770277,0.0
0.9488816,0.947772
0.95015687,0.947772
0.47782227,0.484536
0.48265907,0.484536
0.52541983,0.531987
0.53290004,0.531987
0.57620114,0.568584
0.5738181,0.568584
0.44317022,0.438291
0.46585044,0.438291
0.51994896,0.513402
0.5146562,0.513402
0.51648307,0.513402
0.51642954,0.513402
0.7053582,0.704154
0.7066302,0.704154
0.7093162,0.704154
0.7098036,0.704154
0.71342945,0.704154
0.71034795,0.704154
0.6483579,0.64063
0.6527609,0.64063
0.790994,0.795739
0.36325088,0.36092
0.36110258,0.36092
0.36783537,0.36092
0.5801515,0.578527
0.58036506,0.578527
0.6693611,0.660643
0.6547288,0.660643
0.66152626,0.660643
0.82353884,0.822433
0.83464676,0.822433
0.67771596,0.679847
0.6795438,0.679847
0.7023089,0.694452
0.865452,0.851508
0.8487907,0.851508
0.7416436,0.851508
0.8372595,0.851508
0.72776705,0.730576
0.7296751,0.730576
0.7302558,0.730576
0.5501018,0.571059
0.56857115,0.571059
0.5586606,0.571059
0.5280616,0.527273
0.63111067,0.631861
0.6361653,0.631861
0.08095824,0.098796
0.072822064,0.098796
0.09243759,0.098796
0.6288198,0.639717
0.6274427,0.639717
0.6333714,0.639717
0.8212767,0.812371
0.82196075,0.812371
0.821871,0.812371
0.8197563,0.812371
0.7096606,0.715488
0.71987337,0.715488
0.72157854,0.715488
0.851542,0.856195
0.83718187,0.843354
0.844953,0.843354
0.85260725,0.843354
0.8495744,0.843354
0.8853252,0.874227
0.86599666,0.874227
0.93146926,0.934175
0.93229467,0.934175
0.9661439,0.967502
0.9526041,0.955201
0.9546771,0.955201
0.7829259,0.775862
0.77954125,0.775862
0.7693393,0.775862
0.5569073,0.557196
0.5561092,0.557196
0.8732874,0.864241
0.8667054,0.864241
0.9418308,0.949799
0.92893,0.949799
0.9241996,0.949799
0.94513917,0.946404
0.4123235,0.416495
0.41793123,0.416495
0.4192011,0.416495
0.41159603,0.416495
0.42715093,0.416495
0.22168027,0.422559
0.22887385,0.422559
0.5162522,0.50885
0.14870298,0.158228
0.15982123,0.158228
0.15722771,0.158228
0.0007123326,0.0
0.008977924,0.0
0.8092794,0.813699
0.8158483,0.813699
0.8257087,0.813699
0.65911764,0.654765
0.69872403,0.654765
0.6494786,0.654765
0.80417746,0.805764
0.8042646,0.805764
0.80705005,0.805764
0.002250042,0.0
0.0045135305,0.0
-0.0040800897,0.0
0.7054097,0.704525
0.7036635,0.704525
0.70265275,0.704525
0.002589193,0.0
-0.0049575013,0.0
0.28355166,0.113562
0.32899356,0.113562
0.103771746,0.113562
-0.0021460769,0.0
-0.00248594,0.0
0.0012415162,0.0
0.8039804,0.81193
0.78499204,0.81193
0.8741843,0.81193
-0.0041476493,0.0
0.7410774,0.752506
0.77874726,0.752506
0.4303837,0.456072
0.48110494,0.472727
0.47417653,0.472727
0.47609174,0.472727
0.3755652,0.358768
0.4324096,0.358768
-0.0037383074,0.0
0.017746525,0.0
0.020554315,0.0
0.06759495,0.0
0.8940155,0.929773
0.43770313,0.443299
0.4370114,0.443299
0.4359372,0.443299
0.6048603,0.603982
0.59485114,0.603982
0.029833877,0.026899
0.025836818,0.026899
0.026711633,0.026899
0.3959535,0.397938
0.4007527,0.397938
0.40273055,0.397938
0.4099004,0.397938
0.73739886,0.738159
0.73018926,0.738159
0.64766127,0.654328
0.658381,0.654328
0.6195979,0.615602
0.61981833,0.615602
0.36441407,0.365314
0.36515927,0.365314
0.5734089,0.570541
0.57966954,0.570541
0.66890126,0.664659
0.66451985,0.664659
0.6631976,0.664659
0.7377797,0.728445
0.72376466,0.728445
0.6717527,0.67247
0.67191905,0.67247
0.6696958,0.67247
0.66287607,0.67247
0.64722496,0.646002
0.64433676,0.646002
0.64512306,0.646002
0.02080822,0.033784
0.043398425,0.033784
0.054603923,0.033784
0.5949706,0.591792
0.48057595,0.496124
0.48058084,0.496124
0.4810704,0.496124
0.48827556,0.496124
0.49270785,0.496124
0.5645957,0.572727
0.5727573,0.572727
0.5678608,0.572727
0.6442467,0.64324
0.6400898,0.64324
0.3705068,0.387213
0.39493737,0.387213
0.40398064,0.387213
0.6830798,0.650339
0.64999783,0.650339
0.64740574,0.650339
0.6468021,0.650339
0.6448684,0.650339
0.40798822,0.408247
0.5498948,0.548822
0.54918903,0.548822
0.5482957,0.548822
0.5530203,0.548822
0.548697,0.548822
0.6423426,0.637168
0.63036984,0.637168
0.6369914,0.637168
0.029197676,0.026899
0.028662277,0.026899
0.034581546,0.026899
0.40049997,0.4
0.4045024,0.4
0.40343463,0.4
0.40229893,0.4
0.63977516,0.588535
0.62697953,0.588535
0.6108455,0.588535
0.5836817,0.588535
0.33342865,0.326873
0.54394877,0.470238
0.46745875,0.470238
0.46996677,0.470238
0.47516394,0.470238
0.4658563,0.470238
0.40844926,0.409195
0.40449706,0.409195
0.31455842,0.302583
0.29914474,0.302583
0.29928923,0.302583
0.58609533,0.590949
0.57953507,0.601406
0.6063414,0.601406
0.5961728,0.601406
0.23623379,0.218425
0.50949633,0.50959
0.50196135,0.50959
0.5118408,0.50959
0.5123168,0.50959
0.4053552,0.380568
0.03160488,0.033784
0.034940556,0.033784
0.034669764,0.033784
0.44387582,0.449561
0.4607452,0.449561
0.4598401,0.449561
0.45861998,0.449561
0.49515662,0.496124
0.5495123,0.554545
0.5511313,0.554545
0.5996378,0.608768
0.607532,0.608768
0.610125,0.608768
0.6117964,0.608768
0.61086035,0.608768
0.12273357,0.127403
0.12752804,0.127403
0.14364861,0.127403
0.78036165,0.778696
0.7903003,0.778696
0.60013336,0.604124
-0.0079270685,0.0
-0.0047072764,0.0
0.0025630111,0.0
0.015561835,0.0
-0.0103554195,0.0
-0.008084986,0.0
-0.0063866735,0.0
-0.00043868212,0.0
0.77846926,0.789562
-0.00087613193,0.0
0.78765154,0.789562
0.7420356,0.789562
0.02349629,0.0
-0.00040682606,0.0
0.004847638,0.0
0.78858835,0.754425
0.75911444,0.754425
0.00651647,0.0
0.7577017,0.754425
0.00096537283,0.0
0.7575883,0.754425
0.020748973,0.0
-0.00032841178,0.0
-0.001630099,0.0
0.0009328082,0.0
0.0019313836,0.0
0.001137151,0.0
0.0012826378,0.0
0.001647975,0.0
0.0004905248,0.0
0.002190856,0.0
-0.00034857937,0.0
-0.0017603667,0.0
-0.0031922571,0.0
6.903249e-05,0.0
0.0003746791,0.0
-0.0023441182,0.0
-0.0013271238,0.0
-0.0015481793,0.0
-0.00052849355,0.0
-0.00023341976,0.0
-5.614123e-05,0.0
0.0005618248,0.0
8.9209156e-05,0.0
0.00034957132,0.0
0.00044910912,0.0
0.0013772628,0.0
0.0010107523,0.0
0.0009814049,0.0
-0.0006302741,0.0
-0.00042640403,0.0
-0.002654556,0.0
0.00032921546,0.0
-0.0011161086,0.0
-0.0008782295,0.0
-0.00051207264,0.0
0.00096115185,0.0
0.000197536,0.0
-0.0005958062,0.0
0.00050410064,0.0
0.00066431944,0.0
0.00017472426,0.0
0.0050490024,0.0
0.004713782,0.0
0.0026304263,0.0
0.00091440766,0.0
0.0017899933,0.0
-0.0009014785,0.0
-0.0015096205,0.0
-0.0014231125,0.0
0.001067934,0.0
0.0020012485,0.0
-0.002510966,0.0
0.000651773,0.0
-0.00055076263,0.0
-0.0006796452,0.0
-0.0007830179,0.0
0.0011776189,0.0
0.001198763,0.0
0.00070773234,0.0
0.002527427,0.0
-0.0008127198,0.0
-0.0007415011,0.0
-0.0016406762,0.0
-0.0005090105,0.0
-0.000830295,0.0
-0.0011366371,0.0
-0.0007951506,0.0
0.00032960632,0.0
-0.0021227577,0.0
-0.00040770616,0.0
0.0011468054,0.0
4.2868825e-05,0.0
-0.00054306915,0.0
-0.00025662404,0.0
0.0013126632,0.0
0.0012542073,0.0
0.001151558,0.0
-0.00047883918,0.0
0.00014555502,0.0
-0.0010064688,0.0
-0.00016323954,0.0
0.00068008964,0.0
0.0007847205,0.0
-0.00027297632,0.0
-0.0007635981,0.0
-0.00048451,0.0
-0.0005313982,0.0
-0.00058824004,0.0
-0.00054796046,0.0
-0.0012192968,0.0
-7.0520065e-05,0.0
-0.0007383759,0.0
0.003447036,0.0
-0.001063533,0.0
0.003643668,0.0
-0.00026315093,0.0
0.00037385314,0.0
0.00026041045,0.0
-0.00036530834,0.0
0.0015843814,0.0
0.0054751486,0.0
0.0053824116,0.0
-0.001408644,0.0
0.00017478528,0.0
0.0021019038,0.0
0.00061436,0.0
0.0023924992,0.0
0.0016052342,0.0
0.00021265302,0.0
0.0008813347,0.0
0.00051705743,0.0
0.0003070534,0.0
-3.9481223e-05,0.0
0.0033526837,0.0
0.0014894758,0.0
-0.0008855998,0.0
-0.0030810675,0.0
-0.0002466331,0.0
-0.0005677139,0.0
0.00097593805,0.0
-0.00016900647,0.0
0.0034287495,0.0
-0.0008365369,0.0
-0.0020210387,0.0
-0.0007372917,0.0
0.0008034512,0.0
0.00030052874,0.0
-6.5794964e-05,0.0
-0.00019910024,0.0
0.0001542444,0.0
-0.0007740055,0.0
-0.0004266873,0.0
-0.002204043,0.0
-0.0008103385,0.0
0.000631392,0.0
0.0021639313,0.0
-4.3684577e-07,0.0
-0.00042028326,0.0
0.00067844783,0.0
-0.00019208978,0.0
-0.00069132616,0.0
-0.00034034977,0.0
-9.573796e-05,0.0
-0.00031630916,0.0
-0.0019083262,0.0
-0.0016329619,0.0
5.176449e-05,0.0
0.0005078694,0.0
-0.000473218,0.0
0.00040020994,0.0
2.0988116e-05,0.0
0.0010525194,0.0
-0.0004809303,0.0
0.00039566416,0.0
-0.00049028575,0.0
0.0018890715,0.0
0.0022402343,0.0
0.0026002314,0.0
0.0020098535,0.0
0.00023528712,0.0
-0.0023993177,0.0
-0.0017763432,0.0
-0.0021336374,0.0
-0.0015548229,0.0
0.0036883438,0.0
-0.0030111892,0.0
-0.0022288472,0.0
-4.4315577e-05,0.0
-0.00038458323,0.0
0.00020864332,0.0
0.0006114075,0.0
0.00036845796,0.0
-0.0006745846,0.0
-0.0009404067,0.0
-0.0027565698,0.0
-0.0017051343,0.0
-0.00022991846,0.0
-0.00014462124,0.0
0.0008167887,0.0
0.0013868706,0.0
0.001143364,0.0
0.00023045368,0.0
-0.00020294213,0.0
0.0013088834,0.0
0.0015804569,0.0
0.0006641452,0.0
0.00037672886,0.0
-0.0008300922,0.0
-0.0014738623,0.0
-0.00028139225,0.0
0.0009910986,0.0
-0.00011314217,0.0
-0.00022401445,0.0
0.00130914,0.0
-0.0012595307,0.0
-0.0004918915,0.0
-0.00029681734,0.0
-0.0009851243,0.0
0.00015376825,0.0
-0.00089122675,0.0
-0.0021843384,0.0
-0.001023898,0.0
0.00053433824,0.0
0.00077172095,0.0
0.00048452537,0.0
0.00060933095,0.0
0.00022501068,0.0
0.0025813994,0.0
0.0009599472,0.0
0.00020766516,0.0
0.00014387126,0.0
-0.0052329754,0.0
6.2032e-05,0.0
-0.0022005385,0.0
0.00015514594,0.0
0.00035100125,0.0
-0.0012663226,0.0
0.0013532451,0.0
0.0018629384,0.0
-0.00021627678,0.0
-0.0037465307,0.0
-0.0017823423,0.0
-0.0018921803,0.0
-0.0019870237,0.0
-0.0004693061,0.0
0.0010165598,0.0
0.0011033983,0.0
0.0017816486,0.0
-0.0005866228,0.0
0.0020385075,0.0
0.0017352166,0.0
0.0009771631,0.0
0.0019298004,0.0
0.0018864336,0.0
0.001616281,0.0
0.00067390566,0.0
-0.0013426055,0.0
-0.0017204675,0.0
-0.002804828,0.0
-0.0012220844,0.0
-0.0006016917,0.0
-0.0010268687,0.0
0.0011004425,0.0
0.0015533958,0.0
0.0019687142,0.0
-0.0011492202,0.0
-0.002192867,0.0
-0.0018545628,0.0
-0.0005887017,0.0
-4.3154418e-05,0.0
-0.0010045639,0.0
-0.0016184851,0.0
0.00097625674,0.0
0.00079725677,0.0
-0.001432547,0.0
-8.0724976e-07,0.0
0.0007946173,0.0
0.0010809985,0.0
0.0022401102,0.0
0.0006868315,0.0
0.0005016583,0.0
-0.0002756697,0.0
8.2576706e-05,0.0
0.0061799907,0.0
0.0020224433,0.0
0.0011848937,0.0
0.0037070888,0.0
-0.0021053494,0.0
0.00020842072,0.0
2.9177352e-05,0.0
0.000983021,0.0
0.0013299725,0.0
0.00063537393,0.0
-0.00036333626,0.0
0.00010029648,0.0
0.0012050659,0.0
-0.00036875953,0.0
-0.001618333,0.0
0.001726125,0.0
-0.0011072573,0.0
-0.00069528725,0.0
-0.0013736786,0.0
-0.00073696364,0.0
0.00012827918,0.0
0.0001748149,0.0
0.000902486,0.0
8.880789e-05,0.0
0.0040830537,0.0
0.003089839,0.0
0.0011265305,0.0
0.0020354996,0.0
-0.00082183647,0.0
-0.0004269548,0.0
0.00094263145,0.0
-8.619881e-06,0.0
0.003409922,0.0
-0.018878596,0.0
-0.009794715,0.0
0.0021880507,0.0
-0.002244654,0.0
-0.0007977497,0.0
0.0011648566,0.0
0.0011291853,0.0
-0.0023185073,0.0
-0.00012370528,0.0
-0.00034513875,0.0
-0.00022701842,0.0
0.00069781375,0.0
0.0014975896,0.0
-0.00048388177,0.0
-0.00019038294,0.0
-0.0010560881,0.0
-0.0006012023,0.0
0.00023831458,0.0
0.00026100883,0.0
0.00056204357,0.0
0.00071506837,0.0
-0.0009523046,0.0
0.0006003559,0.0
0.0006714596,0.0
0.0002371531,0.0
-0.0010912261,0.0
0.0014264934,0.0
-0.0005607133,0.0
-0.00028965226,0.0
-0.001013845,0.0
-0.0007829699,0.0
-0.0005604746,0.0
-0.00018292353,0.0
0.0012413111,0.0
-0.0002361205,0.0
-0.0015844655,0.0
-0.0020903994,0.0
0.0009786118,0.0
0.0022994676,0.0
0.00090630254,0.0
0.002839763,0.0
-0.00056016573,0.0
0.0011576768,0.0
-0.00032930102,0.0
-0.0023847076,0.0
0.0006797894,0.0
1.2732072e-05,0.0
0.00043235262,0.0
0.00023753122,0.0
0.00011777493,0.0
-0.00052900694,0.0
0.00020211622,0.0
0.001451694,0.0
0.003953069,0.0
-0.00048538894,0.0
0.0015491253,0.0
0.002214493,0.0
0.0013197269,0.0
0.00031997543,0.0
-0.0015089145,0.0
-0.0009955814,0.0
-1.561568e-05,0.0
-0.00095993496,0.0
-0.0008838007,0.0
-0.0007879625,0.0
0.0018315896,0.0
0.0005074491,0.0
0.0009304423,0.0
0.0015663769,0.0
-0.0019437816,0.0
0.0012586573,0.0
0.00045929768,0.0
0.0018890378,0.0
0.0011894567,0.0
0.0015766922,0.0
0.0003112322,0.0
0.0011443136,0.0
-0.0021419406,0.0
0.0002180573,0.0
0.0006757245,0.0
0.0029281492,0.0
0.0023240866,0.0
-0.0006076793,0.0
-0.0005227784,0.0
0.0011028297,0.0
0.001006942,0.0
0.002289856,0.0
0.0013901965,0.0
-0.0005753619,0.0
-0.000793016,0.0
-0.00050969754,0.0
-0.0012756665,0.0
-0.0017390712,0.0
-0.0015434626,0.0
-0.00033863392,0.0
-0.0018213744,0.0
-0.0006197257,0.0
-0.010711254,0.0
-0.0011840418,0.0
0.0011176082,0.0
-0.00034276504,0.0
0.00069046026,0.0
-0.0010194761,0.0
0.001381752,0.0
0.0015551061,0.0
-0.002802643,0.0
-0.00203521,0.0
0.005615801,0.0
0.002389548,0.0
0.0004832438,0.0
-0.0019352796,0.0
-0.0027333095,0.0
0.0032750496,0.0
-0.004687181,0.0
-0.00016430645,0.0
0.00014987658,0.0
0.0002113054,0.0
-0.0008483172,0.0
0.002944896,0.0
0.0010532829,0.0
-0.0095046265,0.0
-0.0018659452,0.0
0.0010044432,0.0
0.0040646624,0.0
0.01482772,0.0
-0.0015268051,0.0
-0.0008317937,0.0
-9.2204515e-05,0.0
-0.0018348031,0.0
0.0004206455,0.0
0.0002994338,0.0
0.0013171352,0.0
0.0026036687,0.0
-0.0001550827,0.0
-3.3530196e-05,0.0
0.00029528775,0.0
-0.0012168942,0.0
0.0006181582,0.0
-0.000399922,0.0
0.0006732152,0.0
0.0024289617,0.0
0.0006193986,0.0
9.8745595e-06,0.0
0.00066996115,0.0
-0.0026019614,0.0
-0.0019168606,0.0
-2.218428e-06,0.0
-0.0005178353,0.0
-0.0015132475,0.0
-0.0015157202,0.0
-0.006472226,0.0
-0.0071021393,0.0
-0.00072463095,0.0
3.3308588e-05,0.0
4.7743048e-05,0.0
-0.0021764725,0.0
-0.0021811514,0.0
0.00043621843,0.0
-0.001417654,0.0
-0.00076588354,0.0
-0.0013467068,0.0
-0.00065364706,0.0
-0.00041633926,0.0
-0.0019934229,0.0
-0.0013698669,0.0
0.0018367585,0.0
0.0015804147,0.0
0.00081454706,0.0
0.0015687082,0.0
-0.00057014346,0.0
-0.0023785082,0.0
0.0013144308,0.0
0.0020653023,0.0
0.0020641028,0.0
0.0006336645,0.0
-0.0005089987,0.0
-0.00146042,0.0
0.0004996242,0.0
0.0022146967,0.0
0.0047910446,0.0
0.00021443784,0.0
0.000524842,0.0
0.0006357001,0.0
0.00036185456,0.0
0.0012998491,0.0
0.0008535559,0.0
-5.088253e-05,0.0
-0.00026478808,0.0
1.0998102e-05,0.0
-5.4451677e-05,0.0
-0.0019698513,0.0
-0.0004427626,0.0
-0.00046782856,0.0
-0.0008448994,0.0
0.00032209593,0.0
5.6567904e-05,0.0
7.073632e-05,0.0
-0.001773436,0.0
0.0003483578,0.0
0.00035443043,0.0
2.9861041e-05,0.0
-0.00013861472,0.0
-7.0827955e-05,0.0
-0.0006693553,0.0
-0.0005781467,0.0
-0.00018341221,0.0
-0.0001156255,0.0
-0.00023619247,0.0
-0.00088816445,0.0
-0.00073776644,0.0
-0.00082242425,0.0
-0.0020890287,0.0
-0.00020469575,0.0
-0.0007758525,0.0
0.0014137059,0.0
-0.00095750013,0.0
0.004761181,0.0
-0.00095487264,0.0
-0.0005601367,0.0
-0.0004923498,0.0
-0.00018167052,0.0
-0.0007314004,0.0
0.002285135,0.0
0.004705699,0.0
0.0052626114,0.0
-0.00044144294,0.0
-0.00077178143,0.0
0.0012810349,0.0
0.00073957327,0.0
-0.0010840561,0.0
-0.0007817936,0.0
-0.00031774162,0.0
0.00069126557,0.0
0.0013296641,0.0
0.0003794708,0.0
0.0014832601,0.0
0.00021212974,0.0
0.00059710373,0.0
0.0020656362,0.0
0.004538444,0.0
-0.0038528936,0.0
-0.0042197853,0.0
-0.004911327,0.0
-0.00034547373,0.0
0.0008886543,0.0
0.0007419272,0.0
0.033164896,0.036392
0.032727454,0.036392
0.0457005,0.036392
0.04468451,0.036392
0.04288252,0.036392
-0.0037939425,0.0
0.66974044,0.672165
0.6525578,0.672165
-0.00817021,0.0
-0.0041049896,0.0
0.8184621,0.812728
0.007812761,0.0
0.81510353,0.812728
0.0053513567,0.0
0.0026009681,0.0
0.8124196,0.812728
0.6324688,0.600408
0.62065125,0.600408
0.0011631675,0.0
0.62776756,0.600408
0.61226034,0.600408
0.005462905,0.0
0.003447593,0.0
-0.00018521666,0.0
0.0021962384,0.0
0.85230565,0.869361
0.86611766,0.869361
-7.863687e-05,0.0
-0.0013618724,0.0
0.86502236,0.869361
0.4014678,0.395402
0.40163115,0.395402
-0.0018714868,0.0
-0.002476627,0.0
0.0018080323,0.0
0.39426598,0.395402
0.39749062,0.395402
0.0033327963,0.0
0.64077485,0.649446
0.00018874738,0.0
0.0009846695,0.0
0.0008945314,0.0
-0.0016369486,0.0
0.61250144,0.649446
0.6970048,0.693878
-0.0018834659,0.0
0.0007461203,0.0
-0.0025483735,0.0
0.0013275142,0.0
0.698868,0.693878
0.6968072,0.693878
0.008713355,0.0
0.7024572,0.693878
-0.0035223842,0.0
-0.00092795276,0.0
0.88388795,0.89759
-0.0015419264,0.0
0.8750202,0.876495
0.003054102,0.0
0.8782964,0.876495
-0.002044481,0.0
0.86578447,0.876495
0.86118275,0.876495
0.0011586692,0.0
-0.00088759366,0.0
0.8991113,0.896725
0.90307975,0.896725
-0.0057026134,0.0
-0.0068974146,0.0
-0.0035223365,0.0
-0.0043640668,0.0
-0.0008304366,0.0
0.74275595,0.744986
0.74179935,0.744986
-0.005133081,0.0
0.4575239,0.416562
-0.006590216,0.0
0.0017420918,0.0
0.45946476,0.416562
-0.0010255643,0.0
0.44823197,0.416562
-0.0044218935,0.0
0.7470229,0.739662
-0.0062391874,0.0
-0.005798984,0.0
0.7458353,0.739662
0.73926383,0.739662
0.26524922,0.585271
0.5797465,0.585271
0.0011556356,0.0
0.0022365162,0.0
0.5800262,0.585271
0.009225036,0.0
0.0074654357,0.0
0.010832305,0.0
0.57306004,0.585271
0.0016141672,0.0
0.009026958,0.0
0.01211932,0.0
0.0013345345,0.0
0.8815368,0.877175
0.8765208,0.877175
0.87266654,0.877175
0.8754189,0.877175
-0.009702253,0.0
0.37956348,0.352978
0.8425676,0.861906
0.0053513795,0.0
0.8700862,0.861906
0.0027257379,0.0
0.85263795,0.861906
0.8278913,0.820619
0.7212384,0.73064
0.7034578,0.73064
0.7354486,0.73064
0.9373713,0.913717
0.8280954,0.829114
0.73083144,0.829114
0.82589316,0.829114
0.95917255,0.969072
0.96075886,0.969072
0.95983034,0.969072
0.9560831,0.969072
0.9540263,0.969072
0.96985894,0.969072
0.97230524,0.96648
0.97267,0.96648
0.96463245,0.96648
0.98406285,0.977412
0.97763395,0.977412
0.9793077,0.977412
0.95465827,0.958647
0.9594459,0.958647
0.85381955,0.841328
0.8573291,0.841328
0.8384121,0.841328
0.84932923,0.841328
0.84746057,0.841328
0.8675907,0.866903
0.84503007,0.866903
0.8504119,0.866903
0.8417239,0.866903
0.98232245,0.96419
0.97696465,0.96419
0.9656341,0.96419
0.9639949,0.96419
0.9720591,0.971968
0.9730156,0.971968
0.97016364,0.971968
0.91920066,0.917426
0.91738373,0.917426
0.95188504,0.951288
0.9519701,0.951288
0.9487818,0.946742
0.9464945,0.946742
0.8412016,0.832041
0.8408343,0.832041
0.8428499,0.832041
0.84075284,0.832041
0.8326516,0.848485
0.83621913,0.848485
0.8471641,0.848485
0.849075,0.848485
0.95353645,0.952811
0.9893262,0.99234
0.9773147,0.99234
0.9653104,0.959575
0.9585158,0.959575
0.48831666,0.484536
0.48627463,0.484536
0.49757388,0.484536
0.48628065,0.484536
0.5015793,0.459596
0.47213483,0.459596
0.6545866,0.654867
0.67648107,0.654867
0.6531836,0.654867
0.04888363,0.047468
0.049515605,0.047468
0.055414185,0.047468
0.5158438,0.498969
0.49259356,0.498969
0.5042364,0.498969
0.8376761,0.845276
0.8350816,0.845276
0.8433898,0.845276
0.67775744,0.702856
0.7014788,0.702856
0.7036856,0.702856
0.7373225,0.702856
0.8726632,0.882206
0.8662059,0.882206
0.87376666,0.882206
0.87975764,0.882206
0.34971774,0.366667
0.34859553,0.366667
0.35842004,0.366667
0.35947704,0.366667
0.36446002,0.366667
0.3577076,0.366667
0.36962178,0.365314
0.3281978,0.365314
0.35446432,0.365314
0.624442,0.615794
0.86218625,0.853414
0.8564057,0.853414
0.85543734,0.853414
0.8993303,0.892963
0.8938275,0.892963
0.8953269,0.892963
0.8820327,0.892963
0.88424367,0.892963
0.87573147,0.877545
0.7501817,0.762959
0.6284009,0.446889
0.5260442,0.446889
0.4819987,0.446889
0.4512861,0.446889
0.79052114,0.799499
0.79496384,0.799499
0.79463273,0.799499
0.79759663,0.799499
0.44860828,0.453488
0.4500109,0.453488
0.4527205,0.453488
0.4626762,0.453488
0.63550854,0.636364
0.8405788,0.840027
0.84273654,0.840027
0.73688203,0.77552
0.7331621,0.77552
0.6906433,0.77552
0.7324254,0.77552
0.74342895,0.77552
0.83301,0.847743
0.8272174,0.847743
0.854575,0.847743
0.36629972,0.362887
0.3570991,0.362887
0.38140392,0.362887
0.38016894,0.362887
0.38341644,0.362887
0.568577,0.570707
0.5681925,0.570707
0.5664344,0.570707
0.57655543,0.575221
0.026681773,0.026899
0.02835512,0.026899
0.36298168,0.371134
0.37704897,0.371134
0.8480734,0.849162
0.8499901,0.849162
0.84642106,0.849162
0.8529785,0.849162
0.6297384,0.605946
0.64501446,0.605946
0.61913276,0.605946
0.56401104,0.605946
0.73534423,0.777256
0.7773635,0.777256
0.38335744,0.385057
0.3243481,0.317343
0.3144459,0.317343
0.30594683,0.317343
0.6181247,0.619343
0.6132237,0.619343
0.6244472,0.619343
0.61708707,0.619343
0.6093387,0.619343
0.6743276,0.705823
0.7060606,0.705823
0.7144677,0.705823
0.7528312,0.754699
0.7550752,0.754699
0.7381049,0.754699
0.71793485,0.754699
0.6165856,0.601062
0.6068549,0.601062
0.61217445,0.601062
0.62732625,0.601062
0.028205113,0.033784
0.61778444,0.617168
0.59066516,0.617168
0.62184435,0.617168
0.63598293,0.617168
0.45703816,0.45478
0.45101443,0.45478
0.45117715,0.45478
0.56634337,0.557576
0.5730672,0.557576
0.56102777,0.557576
0.8655904,0.885542
0.84647685,0.885542
0.8677296,0.885542
0.84798354,0.885542
0.85890764,0.885542
0.87102777,0.885542
0.086328864,0.088635
0.09673043,0.088635
0.09167101,0.088635
0.07566448,0.088635
0.8779674,0.875184
0.8750088,0.875184
0.8761819,0.875184
0.42600712,0.435052
0.44040927,0.435052
0.43110302,0.435052
0.40623322,0.419192
0.4105591,0.419192
0.42455903,0.419192
0.43135127,0.419192
0.5997257,0.603982
0.6000332,0.603982
0.033593863,0.031646
0.029138496,0.031646
0.030595219,0.031646
0.03477884,0.031646
0.38376197,0.385567
0.38238975,0.385567
0.3778517,0.385567
0.8327016,0.832159
0.8262651,0.832159
0.82017666,0.832159
0.8231918,0.832159
0.83301526,0.832159
0.6856783,0.684494
0.69311327,0.684494
0.71047527,0.684494
0.71090883,0.684494
0.67658734,0.684494
0.821933,0.823622
0.8257103,0.823622
0.39702952,0.372414
0.3797841,0.372414
0.26833677,0.269373
0.27149987,0.269373
0.27262074,0.269373
0.65350515,0.657498
0.65459484,0.657498
0.65770316,0.657498
0.6571742,0.657498
0.81452864,0.819946
0.8113575,0.819946
0.8159247,0.819946
0.8159301,0.819946
0.85818356,0.855989
0.84689647,0.855989
0.81708175,0.81735
0.8181785,0.81735
0.7752177,0.771034
0.77289516,0.771034
0.7815651,0.782895
0.7748704,0.782895
0.45536372,0.449612
0.5201109,0.524242
0.5214845,0.524242
0.7869018,0.796185
0.79540485,0.796185
0.6758457,0.702829
0.7257022,0.702829
0.70525557,0.702829
0.80476165,0.780171
0.78504896,0.780171
0.79016453,0.780171
0.39290643,0.389691
0.39818537,0.389691
0.5779789,0.577441
0.5824548,0.577441
0.57559985,0.577441
0.5768877,0.577441
0.6195246,0.597345
0.59663236,0.597345
0.600696,0.597345
0.5971924,0.597345
0.02274453,0.023734
0.022381922,0.023734
0.02221767,0.023734
0.023430556,0.023734
0.4019934,0.412371
0.40915385,0.412371
0.40802607,0.412371
0.42420855,0.375692
0.3834826,0.375692
0.7291201,0.721178
0.7309087,0.721178
0.7044451,0.721178
0.36362514,0.36092
0.35557517,0.36092
0.2300485,0.232472
0.23263772,0.232472
0.60075104,0.603372
0.60850793,0.603372
0.8453667,0.807564
0.7855008,0.807564
0.80979115,0.807564
0.79537314,0.807564
0.747149,0.736057
0.7059784,0.736057
0.71860427,0.736057
0.7422187,0.670699
0.66800314,0.670699
0.6831653,0.670699
0.6615941,0.670699
0.43761027,0.446991
0.47610286,0.446991
0.003844293,0.003928
0.0046468736,0.003928
0.5377006,0.542293
0.56591606,0.542293
0.5654887,0.542293
0.51065576,0.503876
0.5797059,0.563636
0.56441194,0.563636
0.87867874,0.949799
0.9501119,0.949799
0.97248775,0.949799
0.96460843,0.949799
0.92476654,0.949799
0.0071558333,0.0
-0.00067241146,0.0
0.0049759876,0.0
0.03447168,0.0
0.9364894,0.934199
0.92122287,0.934199
0.43550405,0.43266
0.4456012,0.43266
0.5824272,0.586283
0.5789352,0.586283
0.06598755,0.033228
0.04744698,0.033228
0.03803973,0.033228
0.465906,0.410309
0.46842006,0.410309
0.42695388,0.410309
0.4269943,0.410309
0.84345335,0.824144
0.831755,0.824144
0.82321626,0.824144
0.8215781,0.824144
0.6778183,0.64879
0.8553395,0.864348
0.8634828,0.864348
0.3637569,0.363218
0.36645612,0.363218
0.36254552,0.369004
0.3753866,0.369004
0.34123096,0.369004
0.3675867,0.369004
0.29059103,0.369004
0.57353413,0.574978
0.58426064,0.574978
0.569043,0.574978
0.86496454,0.865462
0.86684966,0.865462
0.8525393,0.865462
0.85812336,0.873388
0.85940355,0.863382
0.86323243,0.863382
0.86289805,0.863382
0.8558534,0.863382
0.74990934,0.751237
0.755215,0.751237
0.018896554,0.033784
0.07205249,0.033784
0.7302614,0.727444
0.7258789,0.727444
0.7459333,0.727444
0.7391443,0.727444
0.72955656,0.727444
0.73200303,0.727444
0.41562644,0.431525
0.52562183,0.509091
0.5120873,0.509091
0.5101646,0.509091
0.8455732,0.844043
0.8449697,0.844043
0.8502174,0.844043
0.5521547,0.580585
0.5948289,0.580585
0.82282096,0.824137
0.82866424,0.824137
0.82414746,0.824137
0.8018501,0.806186
0.796202,0.806186
0.75740796,0.806186
0.78201264,0.806186
0.64458036,0.670034
0.66026807,0.670034
0.1890902,0.191456
0.19000526,0.191456
0.7459267,0.709278
0.7181838,0.709278
0.7009361,0.709278
0.7047889,0.709278
0.7104892,0.709278
0.9400005,0.944134
0.900078,0.901316
0.8828042,0.901316
0.59255517,0.547126
0.5421038,0.547126
0.5423413,0.547126
7.0825634e-05,0.0
0.00031546087,0.0
0.8574205,0.908607
0.91474646,0.908607
0.9003532,0.908607
0.9666903,0.968876
0.976839,0.968876
0.9751172,0.968876
0.969148,0.965046
0.95390934,0.965046
0.9469406,0.965046
0.9347424,0.965046
0.83898515,0.828341
0.8363407,0.828341
0.6857205,0.683375
0.689706,0.683375
0.85077494,0.683375
0.9166811,0.683375
0.81874657,0.816416
0.8238022,0.816416
0.847966,0.816416
0.851168,0.816416
0.8496924,0.816416
0.846142,0.816416
0.565715,0.563307
0.797317,0.793939
0.80477875,0.793939
0.97580963,0.96921
0.97437763,0.96921
0.9620717,0.974832
0.98423404,0.974832
0.9772461,0.974832
0.9596433,0.974832
0.97982043,0.974832
0.9559706,0.955149
0.9509638,0.955149
0.9479969,0.955149
0.947937,0.955149
0.9364682,0.955149
0.48939133,0.486598
0.4869399,0.486598
0.0059272293,0.0
0.018967714,0.0
0.5206383,0.504425
0.5126634,0.504425
0.5142449,0.504425
0.50688165,0.504425
0.5155867,0.504425
0.14560786,0.143987
0.14017491,0.143987
0.29384422,0.284536
0.29288962,0.284536
0.29613718,0.284536
0.8216407,0.815885
0.8141191,0.815885
0.8122966,0.815885
0.811253,0.815885
0.8258696,0.815885
0.7998255,0.836782
0.7971986,0.836782
0.8263468,0.836782
0.6245105,0.629386
0.63521403,0.629386
0.62366825,0.629386
0.6330714,0.629386
0.6292128,0.629386
0.6268278,0.629386
0.52676666,0.550388
0.55004704,0.550388
0.6734464,0.7
0.68159896,0.7
0.69774485,0.7
0.6990246,0.7
0.90878963,0.931727
0.9136088,0.931727
0.013511944,0.0
0.002852782,0.0
-0.010532025,0.0
-0.0076042446,0.0
0.53271866,0.495426
0.48892495,0.495426
0.49726915,0.495426
0.47140312,0.476289
0.47018167,0.476289
0.48372397,0.476289
0.4812959,0.476289
0.51806974,0.516835
0.5998973,0.603982
0.5197561,0.530063
0.5207403,0.530063
0.5229424,0.530063
0.52574706,0.530063
0.52289015,0.519588
0.5248512,0.519588
0.5263766,0.519588
0.73735875,0.739616
0.739954,0.739616
0.7375701,0.739616
0.6908386,0.687992
0.7005163,0.687992
0.80198175,0.802632
0.8029098,0.802632
0.8031654,0.802632
0.80129766,0.802632
0.80611914,0.802632
0.5448644,0.538745
0.5356537,0.538745
0.5353432,0.538745
0.5629578,0.562555
0.57976925,0.562555
0.6714577,0.677041
0.6725437,0.677041
0.67798406,0.677041
0.8729128,0.87432
0.8652508,0.87432
0.7191582,0.716731
0.7192462,0.716731
0.7200468,0.716731
0.7123906,0.711904
0.7149593,0.711904
0.8752524,0.90352
0.7082462,0.702694
0.70546836,0.702694
0.71489304,0.702694
0.7137292,0.702694
0.5356836,0.533592
0.5320765,0.533592
0.53031844,0.533592
0.6174866,0.618182
0.60465586,0.618182
0.6198664,0.618182
0.6200722,0.618182
0.60841936,0.674364
0.6769033,0.674364
0.6729118,0.674364
0.67673045,0.674364
0.71613926,0.713485
0.7132457,0.713485
0.7159381,0.713485
0.7009694,0.713485
0.50963044,0.513402
0.5146144,0.513402
0.5128332,0.513402
0.5158876,0.513402
0.5134725,0.513402
0.50248903,0.513402
0.5231134,0.520202
0.52024424,0.520202
0.5218063,0.520202
0.5635054,0.55531
0.5604971,0.55531
0.5585514,0.55531
0.5630385,0.55531
0.4081278,0.393987
0.55818546,0.556701
0.55368155,0.556701
0.79429513,0.782609
0.78454405,0.782609
0.8032251,0.782609
0.740205,0.742203
0.751164,0.742203
0.698726,0.699561
0.6943311,0.699561
0.7022042,0.699561
0.33409464,0.342529
0.33848193,0.342529
0.17604686,0.177122
0.17753355,0.177122
0.18337978,0.177122
0.6025132,0.588287
0.5902197,0.588287
0.58768284,0.588287
0.0025160983,0.0
0.0022594556,0.0
0.007112512,0.0
0.009346999,0.0
-0.014199025,0.0
-0.0032683248,0.0
-0.0073519484,0.0
0.7378072,0.739515
0.62777567,0.583909
0.60024524,0.583909
0.58749133,0.583909
0.540074,0.583909
0.6594074,0.658208
0.6534122,0.658208
0.6593348,0.658208
0.4745188,0.476744
0.47957864,0.476744
0.48827004,0.476744
0.57527196,0.575758
0.0024194692,0.0
0.0037134273,0.0
-0.0012234913,0.0
0.015075433,0.0
0.0050984677,0.0
-0.012498884,0.0
-0.00778565,0.0
0.0021199947,0.0
-0.00011312168,0.0
0.004993641,0.0
0.7463582,0.738144
0.7361104,0.738144
0.6160054,0.609428
0.6070375,0.609428
0.6212248,0.609428
0.78776264,0.789823
0.5234815,0.512658
0.511016,0.512658
0.5147812,0.512658
0.6244524,0.62268
0.6184853,0.62268
0.621028,0.62268
0.84582716,0.845033
0.8502371,0.845033
0.8536089,0.845033
0.8429908,0.845033
0.8443919,0.845033
0.66934484,0.654037
0.65286297,0.654037
0.6675039,0.654037
0.87514466,0.874687
0.87313986,0.874687
0.8757314,0.874687
0.8740068,0.874687
0.50284994,0.502299
0.50906837,0.502299
0.51178086,0.505535
0.5173999,0.505535
0.5022947,0.505535
0.49456012,0.505535
0.75817555,0.771074
0.7954909,0.786479
0.7924733,0.786479
0.7933004,0.786479
0.7851744,0.786479
0.78449273,0.786479
0.9464596,0.943918
0.9490778,0.943918
0.8345652,0.835055
0.83633834,0.835055
0.7736564,0.777025
0.77024907,0.777025
0.7815326,0.777025
0.83726,0.852137
0.85486394,0.852137
0.8547299,0.852137
0.84226507,0.852137
0.8353546,0.852137
0.796333,0.788221
0.5751819,0.582687
0.80473083,0.812121
0.8080328,0.812121
0.7797437,0.812121
0.819149,0.812121
0.7727358,0.81091
0.8230489,0.81091
0.8201883,0.81091
0.83463854,0.81091
0.81755,0.81091
0.79371643,0.81091
0.94309855,0.962951
0.9430887,0.962951
0.9469616,0.962951
0.8619023,0.870463
0.89288497,0.870463
0.87395173,0.870463
0.8699059,0.870463
0.537207,0.540206
0.544345,0.540206
0.52208865,0.540206
0.5221686,0.540206
0.4901147,0.484848
0.48713902,0.484848
0.48867908,0.484848
0.36037123,0.344937
0.52808154,0.527835
0.525178,0.527835
0.51945895,0.527835
0.704428,0.703425
0.7045579,0.703425
0.70000625,0.703425
0.6894831,0.66759
0.66077757,0.66759
0.6521564,0.66759
0.7756303,0.777569
0.7776626,0.777569
0.34081295,0.34023
0.13856444,0.136531
0.13892177,0.136531
0.13976368,0.136531
0.13958353,0.136531
0.53555363,0.555457
0.5600156,0.555457
0.55787903,0.555457
0.556026,0.555457
0.87698096,0.884263
0.8833274,0.884263
0.8813017,0.884263
0.67587095,0.670487
0.6852777,0.670487
0.67469496,0.670487
0.67816824,0.670487
0.66589993,0.670487
0.4899892,0.472816
0.46565476,0.472816
0.47857264,0.472816
0.4767824,0.472816
0.62162066,0.641917
0.73362184,0.641917
0.73298025,0.641917
0.73111916,0.641917
0.4644445,0.466408
0.60882485,0.60303
0.5948149,0.60303
0.5963002,0.60303
0.5971138,0.60303
0.5918452,0.60303
0.5876432,0.60303
0.0048170765,0.0
-0.006561441,0.0
-0.0014929847,0.0
-0.0056193457,0.0
0.000888088,0.0
0.025314352,0.0
0.69494176,0.696666
0.68359154,0.696666
0.49083817,0.48866
0.45621178,0.456229
0.45966315,0.456229
0.665798,0.65708
0.6726603,0.65708
0.65369374,0.65708
0.64401597,0.65708
0.4192748,0.412975
0.4229195,0.412975
0.41844997,0.412975
0.40519753,0.412975
0.47179425,0.468041
0.46925512,0.468041
0.47127554,0.468041
0.4664272,0.468041
0.47046068,0.468041
0.7514508,0.755647
0.7680338,0.755647
0.6975077,0.694404
0.7033934,0.694404
0.8492091,0.842105
0.87000585,0.842105
0.8684998,0.842105
0.8316007,0.842105
0.8418049,0.842105
0.3521919,0.354023
0.16480178,0.169742
0.17724468,0.169742
0.17686653,0.169742
0.1746239,0.169742
0.5520223,0.545697
0.54942393,0.545697
0.71739507,0.720549
0.7170934,0.720549
0.71544963,0.720549
0.8601373,0.886438
0.8564952,0.886438
0.8928996,0.886438
0.8942124,0.886438
0.76785105,0.770729
0.7183268,0.719719
0.7212763,0.719719
0.71916986,0.719719
0.9291218,0.932904
0.9078992,0.932904
0.9254706,0.932904
0.9391249,0.932904
0.7830021,0.794173
0.4695754,0.456072
0.46852836,0.456072
0.4565756,0.456072
0.45771328,0.456072
0.45934305,0.456072
0.5852965,0.584848
0.58358324,0.584848
0.9081647,0.976395
0.9315483,0.976395
0.9647053,0.976395
0.7040208,0.703452
0.67194766,0.703452
0.70103145,0.703452
0.7057182,0.703452
4.4474316e-05,0.0
-0.0004889046,0.0
-0.0005519092,0.0
0.0006666889,0.0
-0.0005687529,0.0
-0.00023646465,0.0
0.0013814032,0.0
-8.112212e-05,0.0
-0.00069187797,0.0
-0.0006498505,0.0
-0.00080050266,0.0
-0.0016711206,0.0
0.00074747537,0.0
-0.0003630602,0.0
-0.0010343962,0.0
-1.555587e-05,0.0
0.00042166686,0.0
-0.0005218439,0.0
-0.0009979774,0.0
-0.000318492,0.0
-0.0022323004,0.0
-8.791286e-05,0.0
-0.0006535409,0.0
-0.0009626497,0.0
-0.00055365876,0.0
-0.0016386211,0.0
0.00059919385,0.0
-0.00073477224,0.0
-0.00037797712,0.0
-0.0008541101,0.0
-0.0016436204,0.0
-0.0010577613,0.0
-0.00070096506,0.0
-0.0011662426,0.0
0.00012803318,0.0
-0.00082980166,0.0
-0.0008391159,0.0
2.2453089e-05,0.0
-0.00053316844,0.0
-0.00056292734,0.0
-0.0010825964,0.0
-0.0002632981,0.0
-5.40109e-05,0.0
0.001279023,0.0
4.9741997e-05,0.0
-0.00023110006,0.0
0.00028621996,0.0
0.0010824939,0.0
0.0013313425,0.0
0.0007070419,0.0
0.001375324,0.0
0.00077898364,0.0
8.0547376e-05,0.0
0.0004989201,0.0
-0.003436019,0.0
-0.0029479128,0.0
-0.00063219806,0.0
0.00074188615,0.0
0.00017568118,0.0
-0.000620594,0.0
0.0001926971,0.0
0.0006735877,0.0
0.0011944636,0.0
-0.0008674629,0.0
0.0039300174,0.0
0.00038117755,0.0
-0.00046378755,0.0
-0.0020994728,0.0
-0.00030570396,0.0
0.0002967516,0.0
0.000993963,0.0
0.00017218055,0.0
7.5367665e-05,0.0
-0.00033694578,0.0
0.00019468716,0.0
-0.00020837663,0.0
0.003717495,0.0
-0.00087780954,0.0
-0.0016962081,0.0
-0.00034710695,0.0
0.00041467254,0.0
-0.0018259945,0.0
0.00038741625,0.0
0.0007550319,0.0
0.0009966627,0.0
-0.0010558635,0.0
0.0009321181,0.0
0.0010228328,0.0
0.0017028698,0.0
0.0019083134,0.0
0.0007029438,0.0
-0.0005321044,0.0
0.0019169672,0.0
-0.0021559242,0.0
-0.0012046252,0.0
-0.002023456,0.0
-1.753441e-07,0.0
-0.0011252685,0.0
-0.0019230841,0.0
0.0012246359,0.0
0.0012320253,0.0
0.00018219493,0.0
0.0009898414,0.0
-0.00026275727,0.0
0.00026132443,0.0
0.0040579033,0.0
0.00015219365,0.0
-0.00038445796,0.0
-0.0018548407,0.0
-0.00014361944,0.0
-0.00092407985,0.0
-0.00028931195,0.0
0.0034792207,0.0
0.0011569548,0.0
0.0001296484,0.0
0.00033201752,0.0
-0.00060679007,0.0
-0.002040114,0.0
-0.0011417221,0.0
0.00080209767,0.0
0.0010186933,0.0
0.0005220044,0.0
0.0007843881,0.0
0.0007046289,0.0
-0.001638376,0.0
-0.0025523377,0.0
0.0014137347,0.0
-0.00011860392,0.0
0.00035632736,0.0
-0.0010890116,0.0
0.0008070462,0.0
9.321255e-05,0.0
0.0009499914,0.0
-0.0015109965,0.0
0.0013578361,0.0
0.0015772438,0.0
0.0013326666,0.0
-0.0024804277,0.0
0.00034197632,0.0
0.000983564,0.0
0.0004956199,0.0
0.00047356877,0.0
-0.0011231336,0.0
0.00017175898,0.0
-0.002362699,0.0
-0.00012421145,0.0
-0.0017127297,0.0
-0.0014148928,0.0
-0.000987369,0.0
0.00028479207,0.0
-0.001960863,0.0
0.00012861169,0.0
-0.002073038,0.0
0.0016637543,0.0
-0.0011068578,0.0
0.0013466586,0.0
-0.0005058937,0.0
0.001477027,0.0
0.0028060486,0.0
0.0007673085,0.0
-0.00043746116,0.0
-0.0006928668,0.0
-0.0015373718,0.0
0.0020066586,0.0
0.0002983242,0.0
0.000381198,0.0
0.0027796507,0.0
-0.00085519365,0.0
0.00025928518,0.0
0.0039349496,0.0
0.0002732375,0.0
0.0053628366,0.0
0.00046017757,0.0
0.002654709,0.0
0.0006672943,0.0
-0.0015935445,0.0
-0.0017179205,0.0
0.00014230523,0.0
0.00019126385,0.0
-0.002271797,0.0
0.0031528573,0.0
7.185393e-05,0.0
0.0008664423,0.0
-0.0002976609,0.0
0.0011587723,0.0
0.0015934403,0.0
-0.0020184391,0.0
-0.00059886015,0.0
0.003799348,0.0
0.0006632499,0.0
-0.0007459323,0.0
-0.00068716827,0.0
0.001823531,0.0
-0.0013045763,0.0
-0.00035895186,0.0
8.258648e-05,0.0
0.00086660933,0.0
-0.00016066153,0.0
-0.0007325712,0.0
-0.00017621605,0.0
0.001303061,0.0
0.001297202,0.0
0.0026110138,0.0
-0.0011036131,0.0
-0.00038493748,0.0
-0.0011899943,0.0
-0.0014197693,0.0
-0.0010614874,0.0
0.00011523304,0.0
-0.00016493398,0.0
-0.0010920237,0.0
-0.0030586396,0.0
-0.0002366214,0.0
0.00031934434,0.0
0.0016664729,0.0
0.0018668467,0.0
-0.0014468087,0.0
0.0010815948,0.0
-0.0010831545,0.0
-0.00073378097,0.0
0.0065233144,0.0
-0.0021291187,0.0
-0.0019433609,0.0
-0.0021537663,0.0
-0.0015673324,0.0
-6.7355554e-06,0.0
-0.0009393604,0.0
-0.0003701639,0.0
-0.0001747712,0.0
-0.00030066734,0.0
-0.0006885288,0.0
-0.0029987402,0.0
0.0013040137,0.0
0.0017523575,0.0
0.0017815573,0.0
0.0029005872,0.0
0.0024550941,0.0
0.0010293748,0.0
0.0009548248,0.0
0.0010032937,0.0
